time,0-9,10-19,20-29,30-39,40-49,50-59,60-69,70-79,80+,daily_confirm,cum_confirm
2020-01-02,0.0,0.0,0.0,0.0,2.0,1.0,0.0,1.0,2.0,6.0,6.0
2020-01-03,0.0,0.0,0.0,0.0,0.0,0.0,1.0,0.0,0.0,1.0,7.0
2020-01-04,0.49171424240893247,0.5082857575910675,0.0,0.0,1.0,2.0,1.0,0.0,0.0,5.0,12.0
2020-01-05,0.49171424240893247,0.5082857575910675,1.0,1.0,4.0,1.0,0.0,1.0,0.0,9.0,21.0
2020-01-06,0.0,0.0,2.0,2.0,0.0,1.0,0.0,0.0,0.0,5.0,26.0
2020-01-07,0.0,0.0,0.0,0.0,0.0,0.0,1.0,1.0,0.0,2.0,28.0
2020-01-08,0.0,0.0,0.0,0.0,1.0,0.0,1.0,0.0,0.0,2.0,30.0
2020-01-09,0.0,0.0,0.0,0.0,0.0,0.0,0.0,0.0,0.0,0.0,30.0
2020-01-10,0.0,0.0,0.0,1.0,1.0,0.0,1.0,1.0,1.0,5.0,35.0
2020-01-11,0.49171424240893247,0.5082857575910675,1.0,2.0,0.0,0.0,1.0,0.0,0.0,5.0,40.0
2020-01-12,0.0,0.0,0.0,1.0,0.0,1.0,0.0,0.0,0.0,2.0,42.0
2020-01-13,0.0,0.0,0.0,1.0,3.0,2.0,0.0,2.0,0.0,8.0,50.0
2020-01-14,0.0,0.0,1.0,0.0,1.0,1.0,1.0,0.0,0.0,4.0,54.0
2020-01-15,0.0,0.0,1.0,1.0,2.0,3.0,3.0,2.0,0.0,12.0,66.0
2020-01-16,0.49171424240893247,0.5082857575910675,1.0,0.0,1.0,0.0,1.0,0.0,0.0,4.0,70.0
2020-01-17,0.0,0.0,0.0,0.0,1.0,0.0,0.0,0.0,0.0,1.0,71.0
2020-01-18,0.0,0.0,0.0,1.0,2.0,0.0,0.0,0.0,0.0,3.0,74.0
2020-01-19,0.49171424240893247,0.5082857575910675,0.0,2.0,2.0,1.0,0.0,0.0,0.0,6.0,80.0
2020-01-20,0.0,0.0,0.0,3.0,0.0,4.0,1.0,0.0,0.0,8.0,88.0
2020-01-21,0.0,0.0,0.0,0.0,0.0,1.0,0.0,1.0,0.0,2.0,90.0
2020-01-22,0.49171424240893247,0.5082857575910675,3.0,0.0,0.0,1.0,1.0,0.0,1.0,7.0,97.0
2020-01-23,0.9834284848178649,1.016571515182135,0.0,0.0,0.0,1.0,1.0,0.0,0.0,4.0,101.0
2020-01-24,0.0,0.0,0.0,1.0,0.0,0.0,0.0,0.0,0.0,1.0,102.0
2020-01-25,0.0,0.0,0.0,2.0,0.0,1.0,0.0,0.0,0.0,3.0,105.0
2020-01-26,0.49171424240893247,0.5082857575910675,1.0,1.0,1.0,1.0,2.0,0.0,0.0,7.0,112.0
2020-01-27,0.0,0.0,0.0,2.0,1.0,2.0,0.0,1.0,0.0,6.0,118.0
2020-01-28,0.0,0.0,0.0,0.0,0.0,2.0,1.0,0.0,1.0,4.0,122.0
2020-01-29,0.0,0.0,1.0,2.0,2.0,0.0,0.0,0.0,0.0,5.0,127.0
2020-01-30,0.49171424240893247,0.5082857575910675,0.0,0.0,0.0,0.0,2.0,2.0,0.0,5.0,132.0
2020-01-31,0.0,0.0,0.0,0.0,0.0,1.0,2.0,0.0,0.0,3.0,135.0
2020-02-01,0.49171424240893247,0.5082857575910675,0.0,1.0,1.0,2.0,4.0,2.0,0.0,11.0,146.0
2020-02-02,0.0,0.0,1.0,0.0,0.0,0.0,1.0,0.0,0.0,2.0,148.0
2020-02-03,0.0,0.0,0.0,0.0,1.0,4.0,2.0,0.0,0.0,7.0,155.0
2020-02-04,0.0,0.0,0.0,0.0,0.0,0.0,2.0,0.0,0.0,2.0,157.0
2020-02-05,0.0,0.0,0.0,1.0,2.0,0.0,1.0,0.0,0.0,4.0,161.0
2020-02-06,0.0,0.0,1.0,1.0,2.0,0.0,0.0,1.0,0.0,5.0,166.0
2020-02-07,0.0,0.0,1.0,1.0,1.0,0.0,0.0,1.0,0.0,4.0,170.0
2020-02-08,0.0,0.0,1.0,0.0,0.0,1.0,0.0,0.0,0.0,2.0,172.0
2020-02-09,0.0,0.0,1.0,0.0,1.0,0.0,0.0,0.0,0.0,2.0,174.0
2020-02-10,0.0,0.0,0.0,1.0,1.0,1.0,1.0,2.0,1.0,7.0,181.0
2020-02-11,0.0,0.0,0.0,0.0,1.0,0.0,1.0,1.0,0.0,3.0,184.0
2020-02-12,0.0,0.0,1.0,0.0,0.0,0.0,2.0,0.0,0.0,3.0,187.0
2020-02-13,0.49171424240893247,0.5082857575910675,0.0,0.0,1.0,0.0,1.0,0.0,0.0,3.0,190.0
2020-02-14,0.0,0.0,1.0,1.0,2.0,3.0,1.0,0.0,0.0,8.0,198.0
2020-02-15,0.0,0.0,0.0,2.0,2.0,1.0,5.0,1.0,0.0,11.0,209.0
2020-02-16,0.49171424240893247,0.5082857575910675,0.0,0.0,0.0,4.0,2.0,1.0,1.0,9.0,218.0
2020-02-17,0.0,0.0,0.0,1.0,0.0,1.0,2.0,0.0,0.0,4.0,222.0
2020-02-18,0.0,0.0,0.0,1.0,1.0,0.0,0.0,0.0,1.0,3.0,225.0
2020-02-19,0.0,0.0,0.0,0.0,2.0,1.0,0.0,1.0,0.0,4.0,229.0
2020-02-20,0.49171424240893247,0.5082857575910675,0.0,0.0,3.0,4.0,3.0,0.0,0.0,11.0,240.0
2020-02-21,0.0,0.0,1.0,1.0,3.0,2.0,0.0,0.0,0.0,7.0,247.0
2020-02-22,0.9834284848178649,1.016571515182135,0.0,0.0,1.0,0.0,1.0,0.0,0.0,4.0,251.0
2020-02-23,0.0,0.0,2.0,1.0,1.0,1.0,1.0,1.0,0.0,7.0,258.0
2020-02-24,0.0,0.0,0.0,4.0,0.0,1.0,1.0,1.0,0.0,7.0,265.0
2020-02-25,0.0,0.0,1.0,2.0,1.0,2.0,2.0,1.0,0.0,9.0,274.0
2020-02-26,0.49171424240893247,0.5082857575910675,0.0,2.0,2.0,2.0,2.0,0.0,0.0,9.0,283.0
2020-02-27,0.49171424240893247,0.5082857575910675,0.0,0.0,1.0,0.0,0.0,1.0,0.0,3.0,286.0
2020-02-28,0.0,0.0,2.0,2.0,7.0,8.0,1.0,4.0,0.0,24.0,310.0
2020-02-29,0.9834284848178649,1.016571515182135,1.0,4.0,3.0,2.0,1.0,1.0,0.0,14.0,324.0
2020-03-01,0.9834284848178649,1.016571515182135,3.0,8.0,14.0,16.0,6.0,4.0,1.0,54.0,378.0
2020-03-02,0.9834284848178649,1.016571515182135,4.0,2.0,3.0,3.0,2.0,1.0,0.0,17.0,395.0
2020-03-03,0.49171424240893247,0.5082857575910675,3.0,4.0,2.0,6.0,4.0,2.0,0.0,22.0,417.0
2020-03-04,0.9834284848178649,1.016571515182135,0.0,5.0,5.0,3.0,0.0,1.0,1.0,17.0,434.0
2020-03-05,0.49171424240893247,0.5082857575910675,2.0,0.0,5.0,5.0,3.0,1.0,2.0,19.0,453.0
2020-03-06,0.0,0.0,4.0,4.0,7.0,13.0,3.0,3.0,3.0,37.0,490.0
2020-03-07,0.9834284848178649,1.016571515182135,2.0,3.0,13.0,7.0,5.0,5.0,1.0,38.0,528.0
2020-03-08,0.0,0.0,3.0,7.0,9.0,6.0,8.0,6.0,1.0,40.0,568.0
2020-03-09,1.4751427272267974,1.5248572727732026,7.0,13.0,7.0,12.0,15.0,3.0,5.0,65.0,633.0
2020-03-10,0.49171424240893247,0.5082857575910675,11.0,12.0,12.0,17.0,23.0,11.0,2.0,89.0,722.0
2020-03-11,1.4751427272267974,1.5248572727732026,7.0,7.0,27.0,16.0,10.0,5.0,4.0,79.0,801.0
2020-03-12,0.0,0.0,17.0,11.0,13.0,20.0,18.0,18.0,3.0,100.0,901.0
2020-03-13,1.4751427272267974,1.5248572727732026,14.0,21.0,26.0,40.0,33.0,17.0,4.0,158.0,1059.0
2020-03-14,1.9668569696357299,2.03314303036427,24.0,23.0,21.0,33.0,21.0,18.0,7.0,151.0,1210.0
2020-03-15,3.9337139392714597,4.06628606072854,28.0,30.0,36.0,38.0,39.0,16.0,11.0,206.0,1416.0
2020-03-16,1.9668569696357299,2.03314303036427,48.0,38.0,39.0,52.0,56.0,21.0,12.0,270.0,1686.0
2020-03-17,3.9337139392714597,4.06628606072854,36.0,46.0,51.0,63.0,51.0,25.0,10.0,290.0,1976.0
2020-03-18,2.950285454453595,3.049714545546405,43.0,29.0,34.0,53.0,50.0,22.0,15.0,252.0,2228.0
2020-03-19,2.4585712120446623,2.5414287879553377,32.0,36.0,30.0,46.0,40.0,22.0,7.0,218.0,2446.0
2020-03-20,8.35914212095185,8.64085787904815,26.0,40.0,45.0,85.0,64.0,29.0,23.0,329.0,2775.0
2020-03-21,0.9834284848178649,1.016571515182135,29.0,30.0,34.0,64.0,45.0,24.0,12.0,240.0,3015.0
2020-03-22,1.4751427272267974,1.5248572727732026,35.0,35.0,42.0,41.0,37.0,18.0,10.0,221.0,3236.0
2020-03-23,2.4585712120446623,2.5414287879553377,42.0,38.0,58.0,75.0,83.0,35.0,20.0,356.0,3592.0
2020-03-24,4.917142424089324,5.082857575910676,39.0,36.0,40.0,52.0,42.0,36.0,22.0,277.0,3869.0
2020-03-25,3.9337139392714597,4.06628606072854,29.0,51.0,45.0,62.0,65.0,28.0,19.0,307.0,4176.0
2020-03-26,1.9668569696357299,2.03314303036427,31.0,43.0,51.0,52.0,51.0,29.0,36.0,297.0,4473.0
2020-03-27,1.9668569696357299,2.03314303036427,36.0,58.0,63.0,77.0,59.0,34.0,30.0,361.0,4834.0
2020-03-28,3.4419996968625273,3.5580003031374727,49.0,38.0,47.0,61.0,61.0,39.0,33.0,335.0,5169.0
2020-03-29,2.950285454453595,3.049714545546405,20.0,33.0,48.0,54.0,49.0,36.0,25.0,271.0,5440.0
2020-03-30,4.425428181680392,4.574571818319608,42.0,54.0,53.0,79.0,66.0,40.0,33.0,376.0,5816.0
2020-03-31,6.392285151316122,6.607714848683878,33.0,52.0,39.0,62.0,45.0,38.0,23.0,305.0,6121.0
2020-04-01,4.917142424089324,5.082857575910676,45.0,51.0,62.0,85.0,73.0,38.0,32.0,396.0,6517.0
2020-04-02,5.408856666498256,5.591143333501744,35.0,38.0,50.0,57.0,41.0,36.0,39.0,307.0,6824.0
2020-04-03,5.900570908907188,6.099429091092812,36.0,51.0,44.0,87.0,59.0,42.0,53.0,384.0,7208.0
2020-04-04,6.39228515131612,6.60771484868388,41.0,40.0,49.0,57.0,45.0,24.0,18.0,287.0,7495.0
2020-04-05,2.950285454453595,3.049714545546405,23.0,40.0,44.0,36.0,54.0,35.0,37.0,275.0,7770.0
2020-04-06,4.425428181680392,4.574571818319608,43.0,55.0,64.0,75.0,62.0,42.0,41.0,391.0,8161.0
2020-04-07,3.4419996968625273,3.5580003031374727,31.0,37.0,54.0,70.0,62.0,39.0,57.0,357.0,8518.0
2020-04-08,8.850856363360782,9.149143636639218,36.0,35.0,47.0,69.0,45.0,34.0,46.0,330.0,8848.0
2020-04-09,3.4419996968625273,3.5580003031374727,49.0,51.0,53.0,57.0,48.0,40.0,50.0,355.0,9203.0
2020-04-10,4.425428181680392,4.574571818319608,40.0,51.0,55.0,65.0,64.0,47.0,52.0,383.0,9586.0
2020-04-11,8.359142120951848,8.640857879048152,40.0,39.0,55.0,60.0,61.0,30.0,56.0,358.0,9944.0
2020-04-12,8.359142120951851,8.640857879048149,46.0,48.0,50.0,67.0,77.0,65.0,50.0,420.0,10364.0
2020-04-13,5.900570908907188,6.099429091092812,50.0,76.0,70.0,90.0,65.0,54.0,93.0,510.0,10874.0
2020-04-14,3.4419996968625273,3.5580003031374727,59.0,66.0,88.0,95.0,106.0,75.0,77.0,573.0,11447.0
2020-04-15,6.392285151316122,6.607714848683878,66.0,74.0,89.0,83.0,89.0,74.0,80.0,568.0,12015.0
2020-04-16,10.325999090587583,10.674000909412417,370.0,480.0,466.0,379.0,243.0,110.0,106.0,2175.0,14190.0
2020-04-17,7.867427878542918,8.132572121457082,214.0,424.0,428.0,291.0,160.0,77.0,79.0,1689.0,15879.0
2020-04-18,8.35914212095185,8.64085787904815,61.0,105.0,91.0,72.0,62.0,32.0,43.0,483.0,16362.0
2020-04-19,7.375713636133986,7.624286363866014,40.0,52.0,39.0,55.0,39.0,42.0,70.0,352.0,16714.0
2020-04-20,5.900570908907188,6.099429091092812,61.0,77.0,73.0,88.0,79.0,69.0,94.0,553.0,17267.0
2020-04-21,6.883999393725052,7.116000606274948,66.0,72.0,56.0,72.0,77.0,72.0,101.0,530.0,17797.0
2020-04-22,4.425428181680392,4.574571818319608,63.0,81.0,60.0,79.0,78.0,57.0,115.0,542.0,18339.0
2020-04-23,9.834284848178648,10.165715151821352,59.0,74.0,62.0,76.0,81.0,58.0,85.0,515.0,18854.0
2020-04-24,9.834284848178648,10.165715151821352,72.0,80.0,81.0,76.0,76.0,40.0,84.0,529.0,19383.0
2020-04-25,13.767998787450104,14.232001212549896,67.0,81.0,72.0,62.0,51.0,31.0,51.0,443.0,19826.0
2020-04-26,13.767998787450104,14.232001212549896,61.0,64.0,58.0,73.0,49.0,36.0,38.0,407.0,20233.0
2020-04-27,16.7182842419037,17.2817157580963,84.0,115.0,102.0,106.0,83.0,68.0,97.0,689.0,20922.0
2020-04-28,24.093997878037683,24.906002121962317,82.0,113.0,98.0,117.0,87.0,74.0,108.0,728.0,21650.0
2020-04-29,17.701712726721563,18.298287273278437,110.0,133.0,148.0,134.0,100.0,72.0,93.0,826.0,22476.0
2020-04-30,19.66856969635729,20.33143030364271,103.0,85.0,84.0,88.0,70.0,47.0,65.0,582.0,23058.0
2020-05-01,19.668569696357295,20.331430303642705,101.0,105.0,101.0,89.0,75.0,54.0,59.0,624.0,23682.0
2020-05-02,21.635426665993023,22.364573334006977,89.0,101.0,73.0,88.0,59.0,31.0,64.0,549.0,24231.0
2020-05-03,10.325999090587578,10.674000909412422,60.0,60.0,54.0,59.0,46.0,26.0,36.0,362.0,24593.0
2020-05-04,16.7182842419037,17.2817157580963,94.0,122.0,76.0,80.0,65.0,60.0,82.0,613.0,25206.0
2020-05-05,18.685141211539428,19.314858788460572,82.0,124.0,93.0,95.0,100.0,71.0,137.0,740.0,25946.0
2020-05-06,14.751427272267973,15.248572727732027,89.0,91.0,73.0,85.0,80.0,58.0,107.0,613.0,26559.0
2020-05-07,19.668569696357295,20.331430303642705,93.0,73.0,81.0,96.0,73.0,44.0,61.0,561.0,27120.0
2020-05-08,18.685141211539428,19.314858788460572,97.0,124.0,123.0,101.0,82.0,52.0,52.0,669.0,27789.0
2020-05-09,14.751427272267968,15.248572727732032,48.0,61.0,51.0,72.0,33.0,26.0,24.0,345.0,28134.0
2020-05-10,12.784570302632241,13.215429697367759,58.0,59.0,54.0,65.0,40.0,26.0,30.0,358.0,28492.0
2020-05-11,27.044283332491275,27.955716667508725,112.0,99.0,106.0,100.0,65.0,46.0,63.0,646.0,29138.0
2020-05-12,24.093997878037683,24.906002121962317,90.0,99.0,93.0,77.0,64.0,31.0,46.0,549.0,29687.0
2020-05-13,18.685141211539424,19.314858788460576,87.0,98.0,90.0,102.0,85.0,38.0,66.0,604.0,30291.0
2020-05-14,18.193426969130496,18.806573030869504,98.0,97.0,89.0,89.0,74.0,52.0,89.0,625.0,30916.0
2020-05-15,24.093997878037683,24.906002121962317,99.0,85.0,82.0,93.0,65.0,62.0,70.0,605.0,31521.0
2020-05-16,17.20999848431263,17.79000151568737,67.0,73.0,63.0,62.0,53.0,30.0,33.0,416.0,31937.0
2020-05-17,16.226569999494764,16.773430000505236,81.0,69.0,65.0,45.0,37.0,29.0,43.0,402.0,32339.0
2020-05-18,26.552569090082343,27.447430909917657,156.0,143.0,112.0,107.0,66.0,38.0,57.0,733.0,33072.0
2020-05-19,18.685141211539428,19.314858788460572,107.0,106.0,89.0,92.0,61.0,62.0,66.0,621.0,33693.0
2020-05-20,23.11056939321982,23.88943060678018,114.0,100.0,92.0,107.0,69.0,43.0,62.0,634.0,34327.0
2020-05-21,15.734855757085835,16.265144242914165,92.0,102.0,69.0,80.0,53.0,41.0,37.0,506.0,34833.0
2020-05-22,18.685141211539428,19.314858788460572,103.0,110.0,97.0,75.0,68.0,38.0,48.0,577.0,35410.0
2020-05-23,20.651998181175156,21.348001818824844,48.0,51.0,47.0,51.0,42.0,22.0,27.0,330.0,35740.0
2020-05-24,9.834284848178644,10.165715151821356,51.0,49.0,48.0,33.0,33.0,31.0,34.0,299.0,36039.0
2020-05-25,13.767998787450104,14.232001212549896,70.0,55.0,59.0,51.0,44.0,33.0,49.0,389.0,36428.0
2020-05-26,23.110569393219816,23.889430606780184,92.0,88.0,98.0,89.0,47.0,38.0,59.0,558.0,36986.0
2020-05-27,24.585712120446615,25.414287879553385,79.0,76.0,78.0,77.0,58.0,40.0,56.0,514.0,37500.0
2020-05-28,20.160283938766227,20.839716061233776,96.0,80.0,75.0,75.0,44.0,27.0,40.0,478.0,37978.0
2020-05-29,14.751427272267971,15.248572727732029,76.0,83.0,81.0,60.0,40.0,25.0,26.0,421.0,38399.0
2020-05-30,17.209998484312635,17.790001515687365,55.0,53.0,46.0,49.0,42.0,31.0,25.0,336.0,38735.0
2020-05-31,14.259713029859036,14.740286970140964,44.0,39.0,36.0,26.0,21.0,17.0,19.0,231.0,38966.0
2020-06-01,20.160283938766224,20.839716061233776,88.0,80.0,70.0,63.0,51.0,28.0,31.0,452.0,39418.0
2020-06-02,20.651998181175156,21.348001818824844,106.0,84.0,72.0,52.0,50.0,30.0,26.0,462.0,39880.0
2020-06-03,19.17685545394836,19.82314454605164,70.0,55.0,54.0,54.0,49.0,23.0,37.0,381.0,40261.0
2020-06-04,19.66856969635729,20.33143030364271,75.0,71.0,47.0,44.0,41.0,34.0,19.0,371.0,40632.0
2020-06-05,17.209998484312628,17.790001515687372,77.0,55.0,52.0,60.0,50.0,32.0,39.0,400.0,41032.0
2020-06-06,13.276284545041175,13.723715454958825,58.0,58.0,43.0,50.0,32.0,24.0,16.0,308.0,41340.0
2020-06-07,17.20999848431263,17.79000151568737,53.0,44.0,33.0,36.0,22.0,21.0,10.0,254.0,41594.0
2020-06-08,19.66856969635729,20.33143030364271,91.0,73.0,58.0,46.0,48.0,38.0,31.0,425.0,42019.0
2020-06-09,23.11056939321982,23.88943060678018,95.0,70.0,54.0,52.0,39.0,32.0,33.0,422.0,42441.0
2020-06-10,17.70171272672156,18.29828727327844,92.0,71.0,63.0,45.0,36.0,38.0,19.0,400.0,42841.0
2020-06-11,17.701712726721567,18.298287273278433,79.0,72.0,62.0,51.0,36.0,32.0,28.0,396.0,43237.0
2020-06-12,23.11056939321982,23.88943060678018,118.0,90.0,65.0,66.0,39.0,35.0,46.0,506.0,43743.0
2020-06-13,23.11056939321982,23.88943060678018,204.0,115.0,78.0,67.0,33.0,16.0,13.0,573.0,44316.0
2020-06-14,23.602283635628755,24.397716364371245,96.0,69.0,48.0,52.0,33.0,22.0,11.0,379.0,44695.0
2020-06-15,32.944854241398474,34.05514575860153,171.0,114.0,104.0,89.0,58.0,39.0,50.0,692.0,45387.0
2020-06-16,40.32056787753245,41.67943212246755,186.0,122.0,79.0,69.0,68.0,28.0,38.0,672.0,46059.0
2020-06-17,38.84542515030565,40.15457484969435,161.0,160.0,98.0,92.0,58.0,38.0,23.0,709.0,46768.0
2020-06-18,47.696281513666435,49.303718486333565,139.0,133.0,81.0,88.0,66.0,39.0,28.0,671.0,47439.0
2020-06-19,45.237710301621775,46.762289698378225,159.0,119.0,106.0,86.0,68.0,32.0,29.0,691.0,48130.0
2020-06-20,42.287424847168175,43.712575152831825,158.0,131.0,98.0,76.0,46.0,30.0,12.0,637.0,48767.0
2020-06-21,27.044283332491275,27.955716667508717,167.0,116.0,78.0,95.0,36.0,37.0,25.0,609.0,49376.0
2020-06-22,48.18799575607537,49.81200424392463,307.0,205.0,159.0,142.0,112.0,63.0,48.0,1134.0,50510.0
2020-06-23,54.5802809073915,56.4197190926085,274.0,207.0,152.0,129.0,101.0,47.0,37.0,1058.0,51568.0
2020-06-24,61.46428030111653,63.53571969888347,250.0,199.0,147.0,145.0,88.0,52.0,49.0,1055.0,52623.0
2020-06-25,55.071995149800415,56.928004850199585,262.0,193.0,133.0,138.0,98.0,46.0,42.0,1024.0,53647.0
2020-06-26,68.83999393725053,71.16000606274947,276.0,191.0,112.0,139.0,78.0,57.0,38.0,1031.0,54678.0
2020-06-27,53.59685242257362,55.40314757742638,206.0,144.0,110.0,115.0,64.0,43.0,30.0,821.0,55499.0
2020-06-28,57.530566361845075,59.469433638154925,234.0,151.0,112.0,104.0,77.0,36.0,23.0,854.0,56353.0
2020-06-29,78.18256454302023,80.81743545697977,350.0,203.0,179.0,154.0,103.0,61.0,43.0,1252.0,57605.0
2020-06-30,85.0665639367453,87.9334360632547,369.0,248.0,205.0,166.0,108.0,66.0,47.0,1382.0,58987.0
2020-07-01,94.409134542515,97.590865457485,364.0,227.0,192.0,149.0,123.0,66.0,66.0,1379.0,60366.0
2020-07-02,73.26542211893093,75.73457788106907,327.0,192.0,123.0,151.0,116.0,50.0,35.0,1143.0,61509.0
2020-07-03,54.08856666498255,55.911433335017456,248.0,158.0,127.0,154.0,100.0,47.0,35.0,979.0,62488.0
2020-07-04,40.81228211994138,42.18771788005862,209.0,154.0,105.0,118.0,91.0,36.0,22.0,818.0,63306.0
2020-07-05,61.95599454352546,64.04400545647454,301.0,186.0,165.0,149.0,99.0,31.0,23.0,1080.0,64386.0
2020-07-06,96.86770575455967,100.13229424544033,538.0,291.0,227.0,209.0,144.0,86.0,48.0,1740.0,66126.0
2020-07-07,98.34284848178646,101.65715151821354,522.0,285.0,226.0,185.0,150.0,86.0,63.0,1717.0,67843.0
2020-07-08,109.6522760571919,113.3477239428081,482.0,255.0,207.0,210.0,126.0,73.0,50.0,1626.0,69469.0
2020-07-09,91.45884908806141,94.54115091193859,411.0,255.0,184.0,184.0,137.0,88.0,60.0,1505.0,70974.0
2020-07-10,113.09427575405441,116.90572424594559,441.0,272.0,209.0,207.0,142.0,68.0,35.0,1604.0,72578.0
2020-07-11,62.939423028343334,65.06057697165666,315.0,185.0,161.0,163.0,123.0,54.0,26.0,1155.0,73733.0
2020-07-12,68.3482796948416,70.6517203051584,316.0,214.0,156.0,167.0,102.0,58.0,42.0,1194.0,74927.0
2020-07-13,100.30970545142219,103.69029454857781,451.0,269.0,252.0,281.0,146.0,104.0,77.0,1784.0,76711.0
2020-07-14,104.73513363310256,108.26486636689744,401.0,250.0,219.0,234.0,186.0,80.0,63.0,1646.0,78357.0
2020-07-15,91.95056333047035,95.04943666952965,390.0,268.0,253.0,267.0,166.0,107.0,48.0,1686.0,80043.0
2020-07-16,74.24885060374876,76.75114939625124,305.0,198.0,189.0,222.0,154.0,87.0,57.0,1363.0,81406.0
2020-07-17,95.88427726974179,99.11572273025821,322.0,255.0,214.0,217.0,148.0,97.0,72.0,1520.0,82926.0
2020-07-18,65.88970848279693,68.11029151720307,227.0,168.0,162.0,165.0,112.0,68.0,50.0,1086.0,84012.0
2020-07-19,49.171424240893224,50.82857575910677,185.0,184.0,144.0,130.0,96.0,56.0,36.0,931.0,84943.0
2020-07-20,87.52513514878994,90.47486485121006,308.0,242.0,227.0,266.0,193.0,117.0,107.0,1638.0,86581.0
2020-07-21,80.64113575506488,83.35886424493512,282.0,208.0,182.0,222.0,132.0,90.0,66.0,1346.0,87927.0
2020-07-22,71.29856514929519,73.70143485070483,307.0,211.0,190.0,200.0,142.0,90.0,52.0,1337.0,89264.0
2020-07-23,62.447708785934395,64.5522912140656,275.0,218.0,182.0,167.0,131.0,96.0,77.0,1273.0,90537.0
2020-07-24,68.83999393725051,71.16000606274949,231.0,191.0,147.0,157.0,139.0,58.0,47.0,1110.0,91647.0
2020-07-25,51.629995452937884,53.370004547062116,201.0,157.0,123.0,154.0,113.0,55.0,43.0,951.0,92598.0
2020-07-26,53.10513818016468,54.89486181983532,176.0,128.0,149.0,125.0,94.0,58.0,43.0,881.0,93479.0
2020-07-27,79.16599302783808,81.83400697216192,262.0,202.0,195.0,215.0,139.0,92.0,74.0,1340.0,94819.0
2020-07-28,67.36485121002373,69.63514878997627,325.0,207.0,168.0,191.0,146.0,97.0,74.0,1345.0,96164.0
2020-07-29,64.90627999797907,67.09372000202093,250.0,198.0,160.0,175.0,152.0,80.0,52.0,1199.0,97363.0
2020-07-30,67.36485121002372,69.63514878997628,229.0,144.0,151.0,162.0,127.0,68.0,63.0,1081.0,98444.0
2020-07-31,67.36485121002372,69.63514878997628,202.0,166.0,135.0,139.0,128.0,76.0,59.0,1042.0,99486.0
2020-08-01,54.58028090739148,56.41971909260852,175.0,145.0,170.0,155.0,111.0,53.0,44.0,964.0,100450.0
2020-08-02,56.54713787702721,58.45286212297279,161.0,104.0,125.0,111.0,90.0,41.0,27.0,774.0,101224.0
2020-08-03,73.2654221189309,75.7345778810691,221.0,184.0,180.0,174.0,119.0,82.0,63.0,1172.0,102396.0
2020-08-04,71.7902793917041,74.2097206082959,230.0,187.0,160.0,151.0,107.0,63.0,70.0,1114.0,103510.0
2020-08-05,88.01684939119886,90.98315060880114,234.0,188.0,169.0,185.0,119.0,95.0,68.0,1237.0,104747.0
2020-08-06,66.87313696761478,69.12686303238522,199.0,157.0,155.0,158.0,130.0,92.0,69.0,1096.0,105843.0
2020-08-07,63.9228515131612,66.0771484868388,209.0,145.0,154.0,172.0,129.0,67.0,58.0,1064.0,106907.0
2020-08-08,50.64656696812002,52.35343303187998,143.0,114.0,118.0,114.0,92.0,62.0,39.0,785.0,107692.0
2020-08-09,47.696281513666435,49.303718486333565,137.0,118.0,120.0,113.0,70.0,57.0,32.0,744.0,108436.0
2020-08-10,68.83999393725053,71.16000606274947,203.0,221.0,242.0,213.0,170.0,115.0,105.0,1409.0,109845.0
2020-08-11,80.64113575506488,83.35886424493512,184.0,159.0,120.0,148.0,136.0,76.0,77.0,1064.0,110909.0
2020-08-12,64.90627999797906,67.09372000202094,190.0,153.0,139.0,168.0,110.0,99.0,77.0,1068.0,111977.0
2020-08-13,61.464280301116524,63.535719698883476,167.0,132.0,152.0,152.0,107.0,82.0,65.0,982.0,112959.0
2020-08-14,60.48085181629867,62.51914818370133,170.0,147.0,131.0,141.0,93.0,55.0,61.0,921.0,113880.0
2020-08-15,43.270853331986046,44.729146668013954,111.0,98.0,96.0,82.0,77.0,46.0,26.0,624.0,114504.0
2020-08-16,49.171424240893224,50.828575759106776,140.0,101.0,101.0,97.0,74.0,53.0,29.0,695.0,115199.0
2020-08-17,80.14942151265596,82.85057848734404,186.0,154.0,146.0,150.0,114.0,77.0,72.0,1062.0,116261.0
2020-08-18,63.43113727075226,65.56886272924774,183.0,128.0,129.0,142.0,101.0,86.0,64.0,962.0,117223.0
2020-08-19,62.93942302834333,65.06057697165667,221.0,142.0,124.0,138.0,107.0,63.0,59.0,982.0,118205.0
2020-08-20,85.0665639367453,87.9334360632547,223.0,120.0,102.0,114.0,95.0,76.0,61.0,964.0,119169.0
2020-08-21,74.24885060374878,76.75114939625122,257.0,113.0,123.0,114.0,97.0,94.0,86.0,1035.0,120204.0
2020-08-22,84.08313545192743,86.91686454807257,225.0,97.0,83.0,107.0,86.0,46.0,42.0,857.0,121061.0
2020-08-23,105.22684787551154,108.77315212448849,310.0,95.0,83.0,88.0,89.0,43.0,26.0,948.0,122009.0
2020-08-24,171.11655635830846,176.88344364169154,448.0,147.0,140.0,179.0,110.0,71.0,60.0,1503.0,123512.0
2020-08-25,154.39827211640474,159.60172788359526,407.0,115.0,117.0,152.0,103.0,80.0,59.0,1347.0,124859.0
2020-08-26,150.95627241954222,156.04372758045778,353.0,111.0,131.0,119.0,97.0,59.0,78.0,1255.0,126114.0
2020-08-27,138.66341635931894,143.33658364068106,334.0,87.0,84.0,118.0,98.0,57.0,53.0,1113.0,127227.0
2020-08-28,103.2599909058758,106.7400090941242,274.0,99.0,116.0,127.0,93.0,64.0,60.0,1043.0,128270.0
2020-08-29,83.5914212095185,86.4085787904815,239.0,90.0,78.0,91.0,69.0,33.0,17.0,787.0,129057.0
2020-08-30,87.52513514878994,90.47486485121006,267.0,102.0,75.0,85.0,65.0,38.0,24.0,834.0,129891.0
2020-08-31,191.27684029707464,197.72315970292536,401.0,111.0,106.0,146.0,96.0,70.0,41.0,1360.0,131251.0
2020-09-01,165.70769969181018,171.29230030818982,449.0,99.0,95.0,124.0,93.0,69.0,50.0,1316.0,132567.0
2020-09-02,147.02255848027076,151.97744151972924,357.0,120.0,107.0,120.0,86.0,60.0,64.0,1213.0,133780.0
2020-09-03,127.84570302632238,132.15429697367762,328.0,112.0,103.0,108.0,88.0,66.0,46.0,1111.0,134891.0
2020-09-04,89.00027787601674,91.99972212398326,352.0,110.0,116.0,104.0,90.0,70.0,89.0,1112.0,136003.0
2020-09-05,54.580280907391476,56.419719092608524,213.0,86.0,84.0,93.0,59.0,56.0,20.0,722.0,136725.0
2020-09-06,58.02228060425401,59.97771939574599,209.0,87.0,61.0,74.0,62.0,42.0,29.0,682.0,137407.0
2020-09-07,87.03342090638101,89.96657909361899,227.0,100.0,65.0,115.0,62.0,43.0,61.0,850.0,138257.0
2020-09-08,136.20484514727426,140.79515485272574,371.0,132.0,113.0,134.0,93.0,72.0,40.0,1232.0,139489.0
2020-09-09,118.01141817814374,121.98858182185626,373.0,141.0,111.0,136.0,99.0,68.0,83.0,1251.0,140740.0
2020-09-10,92.44227757287926,95.55772242712074,278.0,121.0,127.0,140.0,101.0,62.0,69.0,1086.0,141826.0
2020-09-11,94.40913454251499,97.59086545748501,290.0,138.0,119.0,124.0,93.0,47.0,40.0,1043.0,142869.0
2020-09-12,70.31513666447731,72.68486333552269,168.0,100.0,86.0,96.0,74.0,41.0,17.0,725.0,143594.0
2020-09-13,57.03885211943614,58.96114788056386,160.0,73.0,71.0,81.0,55.0,36.0,22.0,614.0,144208.0
2020-09-14,122.92856060223306,127.07143939776695,285.0,142.0,111.0,127.0,105.0,73.0,65.0,1158.0,145366.0
2020-09-15,94.90084878492392,98.09915121507608,231.0,120.0,124.0,139.0,92.0,75.0,69.0,1043.0,146409.0
2020-09-16,88.01684939119887,90.98315060880113,244.0,116.0,95.0,136.0,99.0,80.0,70.0,1019.0,147428.0
2020-09-17,72.28199363411304,74.71800636588696,184.0,117.0,81.0,114.0,95.0,55.0,44.0,837.0,148265.0
2020-09-18,79.16599302783808,81.83400697216192,201.0,128.0,106.0,115.0,82.0,56.0,31.0,880.0,149145.0
2020-09-19,56.547137877027204,58.452862122972796,146.0,69.0,83.0,88.0,81.0,58.0,23.0,663.0,149808.0
2020-09-20,61.95599454352546,64.04400545647454,194.0,108.0,76.0,87.0,80.0,59.0,34.0,764.0,150572.0
2020-09-21,95.39256302733286,98.60743697266714,256.0,138.0,136.0,125.0,124.0,88.0,58.0,1119.0,151691.0
2020-09-22,98.83456272419538,102.16543727580462,229.0,144.0,139.0,155.0,107.0,66.0,62.0,1103.0,152794.0
2020-09-23,92.44227757287926,95.55772242712074,222.0,138.0,127.0,132.0,139.0,81.0,81.0,1108.0,153902.0
2020-09-24,85.06656393674527,87.93343606325473,220.0,158.0,130.0,151.0,150.0,120.0,107.0,1209.0,155111.0
2020-09-25,96.86770575455965,100.13229424544035,230.0,151.0,123.0,135.0,122.0,91.0,67.0,1116.0,156227.0
2020-09-26,68.83999393725051,71.16000606274949,167.0,115.0,109.0,120.0,105.0,69.0,34.0,859.0,157086.0
2020-09-27,80.14942151265596,82.85057848734404,189.0,130.0,130.0,128.0,89.0,62.0,34.0,925.0,158011.0
2020-09-28,131.2877027231849,135.7122972768151,251.0,198.0,166.0,196.0,192.0,131.0,109.0,1510.0,159521.0
2020-09-29,112.60256151164548,116.39743848835452,262.0,176.0,166.0,179.0,178.0,90.0,89.0,1369.0,160890.0
2020-09-30,121.45341787500627,125.54658212499373,272.0,185.0,196.0,200.0,155.0,101.0,79.0,1435.0,162325.0
2020-10-01,98.8345627241954,102.16543727580462,221.0,148.0,149.0,204.0,154.0,120.0,95.0,1292.0,163617.0
2020-10-02,102.76827666346684,106.23172333653316,232.0,199.0,180.0,229.0,181.0,115.0,84.0,1429.0,165046.0
2020-10-03,93.42570605769714,96.57429394230287,194.0,162.0,171.0,170.0,149.0,84.0,39.0,1159.0,166205.0
2020-10-04,83.59142120951847,86.40857879048153,237.0,161.0,145.0,169.0,130.0,79.0,33.0,1124.0,167329.0
2020-10-05,160.29884302531192,165.70115697468808,320.0,240.0,269.0,272.0,226.0,160.0,110.0,1923.0,169252.0
2020-10-06,139.64684484413675,144.35315515586325,342.0,255.0,238.0,271.0,207.0,142.0,119.0,1858.0,171110.0
2020-10-07,126.8622745415045,131.13772545849548,338.0,256.0,280.0,292.0,219.0,159.0,94.0,1896.0,173006.0
2020-10-08,129.8125599959581,134.1874400040419,327.0,230.0,221.0,291.0,211.0,136.0,81.0,1761.0,174767.0
2020-10-09,133.74627393522957,138.25372606477043,316.0,248.0,258.0,328.0,248.0,165.0,125.0,1960.0,176727.0
2020-10-10,97.35941999696858,100.64058000303142,249.0,213.0,218.0,248.0,201.0,107.0,55.0,1489.0,178216.0
2020-10-11,96.86770575455965,100.13229424544035,249.0,250.0,218.0,240.0,181.0,104.0,55.0,1494.0,179710.0
2020-10-12,162.75741423735656,168.24258576264344,484.0,305.0,343.0,346.0,350.0,212.0,176.0,2547.0,182257.0
2020-10-13,146.0391299954529,150.9608700045471,471.0,318.0,292.0,352.0,272.0,179.0,145.0,2326.0,184583.0
2020-10-14,153.41484363158685,158.58515636841315,430.0,302.0,322.0,368.0,265.0,182.0,143.0,2324.0,186907.0
2020-10-15,129.8125599959581,134.1874400040419,338.0,322.0,283.0,359.0,271.0,187.0,132.0,2156.0,189063.0
2020-10-16,124.40370332945984,128.59629667054014,354.0,269.0,282.0,362.0,337.0,171.0,142.0,2170.0,191233.0
2020-10-17,100.8014196938311,104.1985803061689,306.0,256.0,276.0,310.0,237.0,165.0,78.0,1833.0,193066.0
2020-10-18,111.61913302682761,115.38086697317239,300.0,290.0,255.0,327.0,220.0,132.0,89.0,1840.0,194906.0
2020-10-19,184.8845551457585,191.1154448542415,533.0,401.0,423.0,492.0,358.0,226.0,184.0,2993.0,197899.0
2020-10-20,180.95084120648704,187.04915879351296,523.0,412.0,420.0,467.0,386.0,251.0,193.0,3020.0,200919.0
2020-10-21,148.0059869650886,152.9940130349114,541.0,440.0,433.0,489.0,362.0,236.0,206.0,3008.0,203927.0
2020-10-22,166.691128176628,172.308871823372,516.0,412.0,392.0,475.0,352.0,230.0,191.0,2907.0,206834.0
2020-10-23,168.1662709038548,173.8337290961452,491.0,460.0,473.0,518.0,420.0,248.0,161.0,3113.0,209947.0
2020-10-24,119.48656090537054,123.51343909462946,399.0,360.0,353.0,444.0,307.0,181.0,93.0,2380.0,212327.0
2020-10-25,138.6634163593189,143.3365836406811,428.0,345.0,404.0,437.0,308.0,176.0,108.0,2488.0,214815.0
2020-10-26,211.92883847824976,219.07116152175024,731.0,579.0,561.0,634.0,515.0,314.0,246.0,4011.0,218826.0
2020-10-27,209.96198150861406,217.03801849138594,715.0,609.0,509.0,629.0,493.0,258.0,199.0,3839.0,222665.0
2020-10-28,231.5974081746071,239.4025918253929,811.0,666.0,539.0,693.0,498.0,291.0,214.0,4183.0,226848.0
2020-10-29,212.4205527206587,219.5794472793413,669.0,548.0,521.0,573.0,443.0,285.0,185.0,3656.0,230504.0
2020-10-30,194.22712575152823,200.77287424847177,671.0,577.0,605.0,665.0,530.0,328.0,239.0,4010.0,234514.0
2020-10-31,200.12769666043542,206.87230333956458,604.0,542.0,564.0,621.0,451.0,243.0,132.0,3564.0,238078.0
2020-11-01,236.51455059869642,244.48544940130358,758.0,575.0,594.0,639.0,476.0,292.0,139.0,3954.0,242032.0
2020-11-02,402.2222502905065,415.7777497094935,1180.0,1013.0,920.0,980.0,752.0,455.0,357.0,6475.0,248507.0
2020-11-03,354.03425453443117,365.96574546556883,1248.0,957.0,920.0,949.0,708.0,374.0,322.0,6198.0,254705.0
2020-11-04,432.70853331986035,447.29146668013965,1318.0,1058.0,1046.0,1051.0,821.0,430.0,324.0,6928.0,261633.0
2020-11-05,428.77481938058884,443.22518061941116,1290.0,1006.0,981.0,1058.0,796.0,442.0,344.0,6789.0,268422.0
2020-11-06,410.5813924114584,424.4186075885416,1240.0,1038.0,997.0,1161.0,902.0,527.0,358.0,7058.0,275480.0
2020-11-07,348.6253978679329,360.3746021320671,952.0,846.0,863.0,941.0,656.0,386.0,193.0,5546.0,281026.0
2020-11-08,373.7028242307885,386.2971757692115,1063.0,861.0,858.0,933.0,679.0,337.0,198.0,5689.0,286715.0
2020-11-09,626.9356590713896,648.0643409286101,1731.0,1477.0,1397.0,1557.0,1249.0,683.0,534.0,9903.0,296618.0
2020-11-10,595.4659475572181,615.5340524427818,1674.0,1408.0,1372.0,1447.0,1173.0,664.0,478.0,9427.0,306045.0
2020-11-11,524.6590966503309,542.340903349669,1643.0,1318.0,1312.0,1424.0,1125.0,620.0,429.0,8938.0,314983.0
2020-11-12,563.5045218006369,582.4954781993631,1529.0,1282.0,1259.0,1439.0,1116.0,573.0,429.0,8773.0,323756.0
2020-11-13,545.3110948315062,563.6889051684935,1458.0,1260.0,1324.0,1382.0,1143.0,668.0,401.0,8745.0,332501.0
2020-11-14,346.16682665588826,357.83317334411174,1098.0,950.0,941.0,1039.0,840.0,479.0,255.0,6306.0,338807.0
2020-11-15,384.52053756378496,397.47946243621504,1071.0,893.0,935.0,911.0,688.0,432.0,237.0,5949.0,344756.0
2020-11-16,650.0462284646098,671.9537715353898,1800.0,1590.0,1528.0,1719.0,1376.0,833.0,681.0,10849.0,355605.0
2020-11-17,574.3222351336335,593.6777648663663,1824.0,1400.0,1414.0,1529.0,1271.0,717.0,525.0,9848.0,365453.0
2020-11-18,624.9688021017542,646.0311978982454,1815.0,1482.0,1465.0,1519.0,1190.0,722.0,455.0,9919.0,375372.0
2020-11-19,575.7973778608605,595.2026221391394,1695.0,1405.0,1376.0,1478.0,1162.0,669.0,534.0,9490.0,384862.0
2020-11-20,531.0513818016472,548.9486181983527,1638.0,1444.0,1460.0,1476.0,1239.0,731.0,565.0,9633.0,394495.0
2020-11-21,361.9016824129741,374.0983175870259,1109.0,988.0,951.0,1035.0,833.0,466.0,297.0,6415.0,400910.0
2020-11-22,320.5976860506238,331.4023139493762,1103.0,993.0,919.0,933.0,693.0,415.0,302.0,6010.0,406920.0
2020-11-23,670.6982266457851,693.3017733542148,2033.0,1748.0,1787.0,1935.0,1598.0,1052.0,900.0,12417.0,419337.0
2020-11-24,575.3056636184511,594.6943363815489,1880.0,1656.0,1688.0,1765.0,1425.0,897.0,658.0,11139.0,430476.0
2020-11-25,540.3939524074169,558.6060475925829,1792.0,1560.0,1544.0,1670.0,1344.0,759.0,542.0,10310.0,440786.0
2020-11-26,242.41512150760357,250.58487849239643,610.0,599.0,623.0,633.0,577.0,345.0,244.0,4124.0,444910.0
2020-11-27,490.2390996817054,506.7609003182946,1529.0,1478.0,1453.0,1601.0,1261.0,762.0,640.0,9721.0,454631.0
2020-11-28,423.8576769564995,438.1423230435005,1342.0,1180.0,1143.0,1217.0,946.0,469.0,334.0,7493.0,462124.0
2020-11-29,406.15596422977796,419.84403577022204,1333.0,1193.0,1113.0,1112.0,870.0,425.0,310.0,7182.0,469306.0
2020-11-30,691.8419390693696,715.1580609306304,2277.0,1964.0,2090.0,2107.0,1610.0,985.0,946.0,13386.0,482692.0
2020-12-01,623.985373616936,645.0146263830638,2030.0,1801.0,1744.0,1921.0,1459.0,821.0,701.0,11746.0,494438.0
2020-12-02,620.0516596776645,640.9483403223351,2012.0,1630.0,1518.0,1617.0,1172.0,658.0,562.0,10430.0,504868.0
2020-12-03,601.8582327085343,622.1417672914654,1848.0,1615.0,1519.0,1641.0,1233.0,732.0,607.0,10419.0,515287.0
2020-12-04,597.4328045268536,617.5671954731463,1795.0,1590.0,1556.0,1617.0,1342.0,809.0,543.0,10467.0,525754.0
2020-12-05,399.271964836053,412.728035163947,1230.0,1067.0,1074.0,1169.0,878.0,496.0,305.0,7031.0,532785.0
2020-12-06,398.2885363512351,411.7114636487649,1230.0,1063.0,965.0,1040.0,783.0,454.0,269.0,6614.0,539399.0
2020-12-07,658.405370585562,680.5946294144378,1926.0,1782.0,1784.0,1848.0,1535.0,1016.0,928.0,12158.0,551557.0
2020-12-08,629.3942302834342,650.6057697165653,1798.0,1684.0,1599.0,1654.0,1296.0,784.0,658.0,10753.0,562310.0
2020-12-09,614.1510887687574,634.8489112312425,1715.0,1513.0,1447.0,1466.0,1224.0,684.0,571.0,9869.0,572179.0
2020-12-10,534.9850957409186,553.0149042590812,1473.0,1404.0,1336.0,1380.0,1101.0,704.0,561.0,9047.0,581226.0
2020-12-11,533.5099530136916,551.4900469863082,1363.0,1296.0,1327.0,1393.0,1069.0,692.0,560.0,8785.0,590011.0
2020-12-12,385.99568029101175,399.00431970898825,1075.0,971.0,956.0,977.0,811.0,447.0,296.0,6318.0,596329.0
2020-12-13,368.7856818066991,381.2143181933009,996.0,941.0,881.0,887.0,674.0,411.0,264.0,5804.0,602133.0
2020-12-14,615.1345172535755,635.8654827464243,1762.0,1718.0,1605.0,1686.0,1384.0,818.0,775.0,10999.0,613132.0
2020-12-15,528.5928105896023,546.4071894103976,1555.0,1439.0,1368.0,1367.0,1169.0,699.0,605.0,9277.0,622409.0
2020-12-16,501.5485272571109,518.451472742889,1399.0,1283.0,1197.0,1221.0,965.0,590.0,433.0,8108.0,630517.0
2020-12-17,416.48196332036554,430.5180366796344,1288.0,1220.0,1088.0,1178.0,942.0,532.0,540.0,7635.0,638152.0
2020-12-18,419.9239630172281,434.0760369827719,1321.0,1231.0,1220.0,1257.0,981.0,579.0,471.0,7914.0,646066.0
2020-12-19,300.9291163542665,311.0708836457335,865.0,853.0,849.0,867.0,661.0,373.0,250.0,5330.0,651396.0
2020-12-20,300.4374021118576,310.5625978881424,920.0,890.0,802.0,837.0,657.0,359.0,247.0,5323.0,656719.0
2020-12-21,526.6259536199667,544.3740463800332,1561.0,1476.0,1436.0,1463.0,1246.0,741.0,663.0,9657.0,666376.0
2020-12-22,449.4268175617641,464.5731824382359,1346.0,1209.0,1162.0,1217.0,935.0,598.0,458.0,7839.0,674215.0
2020-12-23,427.7913908957711,442.2086091042289,1304.0,1133.0,1139.0,1130.0,1026.0,539.0,447.0,7588.0,681803.0
2020-12-24,300.4374021118576,310.5625978881424,957.0,921.0,841.0,930.0,806.0,464.0,324.0,5854.0,687657.0
2020-12-25,177.50884150962452,183.49115849037548,479.0,456.0,489.0,534.0,463.0,264.0,181.0,3227.0,690884.0
2020-12-26,368.7856818066992,381.2143181933008,1063.0,1038.0,1055.0,999.0,826.0,420.0,279.0,6430.0,697314.0
2020-12-27,340.75796998939,352.24203001061,1202.0,1064.0,998.0,999.0,720.0,432.0,246.0,6354.0,703668.0
2020-12-28,602.3499469509431,622.6500530490566,1836.0,1689.0,1656.0,1686.0,1364.0,867.0,735.0,11058.0,714726.0
2020-12-29,500.56509877229297,517.4349012277069,1684.0,1421.0,1314.0,1319.0,1065.0,656.0,462.0,8939.0,723665.0
2020-12-30,547.2779518011419,565.7220481988579,1617.0,1402.0,1292.0,1303.0,1117.0,611.0,460.0,8915.0,732580.0
2020-12-31,460.7362451371695,476.2637548628305,1264.0,1166.0,1097.0,1206.0,913.0,567.0,407.0,7557.0,740137.0
2021-01-01,309.28825847521836,319.71174152478164,843.0,712.0,711.0,684.0,630.0,377.0,212.0,4798.0,744935.0
2021-01-02,477.45452937907316,493.54547062092684,1334.0,1172.0,1065.0,1104.0,903.0,501.0,269.0,7319.0,752254.0
2021-01-03,417.9571060475924,432.0428939524076,1340.0,1055.0,921.0,1002.0,752.0,388.0,255.0,6563.0,758817.0
2021-01-04,726.7536502804037,751.2463497195961,2204.0,1741.0,1640.0,1679.0,1333.0,792.0,619.0,11486.0,770303.0
2021-01-05,638.245086646795,659.7549133532043,1781.0,1461.0,1319.0,1328.0,1049.0,538.0,388.0,9162.0,779465.0
2021-01-06,602.3499469509426,622.6500530490573,1703.0,1264.0,1150.0,1246.0,880.0,586.0,308.0,8362.0,787827.0
2021-01-07,515.316526044561,532.6834739554388,1423.0,1124.0,1061.0,1058.0,827.0,515.0,363.0,7419.0,795246.0
2021-01-08,508.9242408932448,526.075759106755,1275.0,1090.0,1046.0,1068.0,889.0,515.0,345.0,7263.0,802509.0
2021-01-09,386.4873945334207,399.5126054665793,982.0,782.0,684.0,814.0,622.0,375.0,211.0,5256.0,807765.0
2021-01-10,341.74139847420787,353.25860152579213,890.0,694.0,745.0,751.0,549.0,303.0,196.0,4823.0,812588.0
2021-01-11,595.9576617996267,616.0423382003731,1505.0,1114.0,1149.0,1219.0,931.0,577.0,431.0,8138.0,820726.0
2021-01-12,476.96281513666423,493.03718486333577,1179.0,1025.0,909.0,1013.0,802.0,422.0,323.0,6643.0,827369.0
2021-01-13,462.70310210680526,478.29689789319474,1129.0,984.0,894.0,960.0,701.0,408.0,269.0,6286.0,833655.0
2021-01-14,445.4931036224926,460.5068963775074,1016.0,835.0,878.0,876.0,723.0,413.0,311.0,5958.0,839613.0
2021-01-15,439.59253271358546,454.40746728641454,1002.0,859.0,793.0,899.0,694.0,361.0,264.0,5766.0,845379.0
2021-01-16,328.4651139291667,339.5348860708333,658.0,642.0,610.0,654.0,526.0,268.0,143.0,4169.0,849548.0
2021-01-17,307.3214015055826,317.6785984944174,659.0,609.0,560.0,622.0,411.0,257.0,156.0,3899.0,853447.0
2021-01-18,442.54281816803905,457.45718183196095,1007.0,885.0,857.0,974.0,686.0,429.0,304.0,6042.0,859489.0
2021-01-19,494.1728136209769,510.8271863790231,997.0,820.0,890.0,830.0,599.0,331.0,252.0,5724.0,865213.0
2021-01-20,458.2776739251249,473.7223260748751,862.0,803.0,776.0,834.0,649.0,336.0,204.0,5396.0,870609.0
2021-01-21,401.2388218056887,414.7611781943113,845.0,785.0,690.0,756.0,559.0,310.0,235.0,4996.0,875605.0
2021-01-22,390.91282271510113,404.08717728489887,766.0,661.0,711.0,692.0,542.0,320.0,228.0,4715.0,880320.0
2021-01-23,298.9622593846308,309.0377406153692,570.0,583.0,521.0,545.0,444.0,213.0,101.0,3585.0,883905.0
2021-01-24,281.75226090031816,291.24773909968184,573.0,460.0,452.0,474.0,361.0,211.0,108.0,3212.0,887117.0
2021-01-25,459.7528166523516,475.24718334764833,876.0,789.0,766.0,759.0,580.0,302.0,227.0,5234.0,892351.0
2021-01-26,375.1779669580153,387.8220330419847,808.0,695.0,662.0,616.0,508.0,291.0,220.0,4563.0,896914.0
2021-01-27,403.69739301773336,417.30260698226664,749.0,680.0,642.0,648.0,492.0,271.0,145.0,4448.0,901362.0
2021-01-28,322.0728287778506,332.9271712221494,680.0,622.0,583.0,567.0,418.0,229.0,146.0,3900.0,905262.0
2021-01-29,347.64196938311505,359.35803061688495,618.0,564.0,549.0,523.0,446.0,211.0,126.0,3744.0,909006.0
2021-01-30,243.39854999242147,251.60145000757856,487.0,459.0,430.0,433.0,337.0,176.0,68.0,2885.0,911891.0
2021-01-31,221.27140908401952,228.7285909159805,423.0,414.0,400.0,352.0,306.0,148.0,85.0,2578.0,914469.0
2021-02-01,365.34368210983666,377.65631789016334,734.0,580.0,576.0,571.0,488.0,274.0,140.0,4106.0,918575.0
2021-02-02,296.5036881725861,306.4963118274139,592.0,514.0,521.0,493.0,403.0,200.0,125.0,3451.0,922026.0
2021-02-03,327.97339968675783,339.02660031324217,599.0,544.0,523.0,448.0,371.0,191.0,108.0,3451.0,925477.0
2021-02-04,303.8794018087201,314.1205981912799,522.0,474.0,455.0,460.0,328.0,186.0,99.0,3142.0,928619.0
2021-02-05,269.9511190825038,279.0488809174962,514.0,440.0,447.0,448.0,331.0,187.0,112.0,3028.0,931647.0
2021-02-06,213.4039812054766,220.59601879452342,349.0,325.0,355.0,299.0,239.0,134.0,64.0,2199.0,933846.0
2021-02-07,185.86798363057636,192.13201636942364,344.0,295.0,314.0,292.0,229.0,97.0,54.0,2003.0,935849.0
2021-02-08,291.5865457484968,301.4134542515032,560.0,519.0,446.0,479.0,379.0,199.0,131.0,3306.0,939155.0
2021-02-09,245.8571212044661,254.1428787955339,486.0,393.0,376.0,380.0,267.0,174.0,72.0,2648.0,941803.0
2021-02-10,224.22169453847312,231.77830546152688,510.0,400.0,406.0,373.0,289.0,140.0,68.0,2642.0,944445.0
2021-02-11,204.06141059970685,210.93858940029313,394.0,386.0,357.0,315.0,281.0,148.0,58.0,2354.0,946799.0
2021-02-12,171.60827060071733,177.39172939928267,360.0,345.0,330.0,324.0,241.0,133.0,106.0,2188.0,948987.0
2021-02-13,136.69655938968316,141.30344061031684,289.0,275.0,261.0,270.0,204.0,94.0,41.0,1712.0,950699.0
2021-02-14,130.79598848077597,135.20401151922403,257.0,275.0,262.0,236.0,183.0,96.0,37.0,1612.0,952311.0
2021-02-15,160.79055726772083,166.20944273227917,399.0,349.0,337.0,355.0,247.0,115.0,76.0,2205.0,954516.0
2021-02-16,168.65798514626374,174.34201485373626,346.0,280.0,300.0,306.0,209.0,102.0,48.0,1934.0,956450.0
2021-02-17,191.27684029707464,197.72315970292536,441.0,351.0,366.0,336.0,267.0,120.0,42.0,2312.0,958762.0
2021-02-18,169.6414136310816,175.3585863689184,361.0,308.0,277.0,298.0,216.0,133.0,58.0,1996.0,960758.0
2021-02-19,172.5916990855352,178.4083009144648,308.0,281.0,300.0,316.0,240.0,104.0,39.0,1939.0,962697.0
2021-02-20,126.37056029909557,130.6294397009044,236.0,245.0,223.0,229.0,168.0,77.0,27.0,1462.0,964159.0
2021-02-21,123.42027484464198,127.57972515535802,249.0,236.0,213.0,213.0,129.0,82.0,33.0,1406.0,965565.0
2021-02-22,197.17741120598183,203.82258879401817,416.0,305.0,297.0,316.0,216.0,123.0,57.0,2131.0,967696.0
2021-02-23,166.19941393421908,171.80058606578092,352.0,320.0,286.0,266.0,194.0,108.0,47.0,1911.0,969607.0
2021-02-24,172.0999848431263,177.9000151568737,325.0,274.0,285.0,242.0,193.0,79.0,44.0,1792.0,971399.0
2021-02-25,133.74627393522957,138.25372606477043,320.0,257.0,225.0,239.0,196.0,71.0,34.0,1614.0,973013.0
2021-02-26,154.39827211640474,159.60172788359526,314.0,241.0,252.0,226.0,185.0,112.0,33.0,1677.0,974690.0
2021-02-27,98.83456272419538,102.16543727580462,224.0,221.0,190.0,195.0,149.0,44.0,18.0,1242.0,975932.0
2021-02-28,122.92856060223305,127.07143939776695,189.0,210.0,185.0,192.0,139.0,39.0,13.0,1217.0,977149.0
2021-03-01,175.54198453998882,181.45801546001118,356.0,312.0,262.0,253.0,177.0,85.0,42.0,1844.0,978993.0
2021-03-02,168.1662709038548,173.8337290961452,279.0,285.0,227.0,246.0,167.0,67.0,26.0,1639.0,980632.0
2021-03-03,164.7242712069923,170.27572879300772,310.0,282.0,206.0,261.0,178.0,65.0,31.0,1668.0,982300.0
2021-03-04,132.7628454504117,137.2371545495883,280.0,229.0,220.0,225.0,157.0,67.0,30.0,1478.0,983778.0
2021-03-05,131.77941696559384,136.22058303440616,255.0,227.0,235.0,223.0,169.0,59.0,26.0,1462.0,985240.0
2021-03-06,104.24341939069362,107.75658060930637,219.0,196.0,184.0,180.0,104.0,62.0,9.0,1166.0,986406.0
2021-03-07,105.2268478755115,108.7731521244885,244.0,196.0,176.0,165.0,101.0,51.0,18.0,1165.0,987571.0
2021-03-08,161.28227151012976,166.71772848987024,286.0,291.0,221.0,274.0,175.0,58.0,31.0,1664.0,989235.0
2021-03-09,149.4811296923154,154.5188703076846,355.0,254.0,241.0,210.0,141.0,66.0,23.0,1594.0,990829.0
2021-03-10,154.3982721164047,159.6017278835953,357.0,304.0,230.0,251.0,149.0,67.0,35.0,1707.0,992536.0
2021-03-11,109.16056181478297,112.83943818521703,293.0,224.0,231.0,216.0,136.0,47.0,27.0,1396.0,993932.0
2021-03-12,114.56941848128122,118.43058151871878,277.0,240.0,187.0,206.0,157.0,59.0,32.0,1391.0,995323.0
2021-03-13,101.29313393624004,104.70686606375997,200.0,174.0,165.0,213.0,127.0,49.0,12.0,1146.0,996469.0
2021-03-14,107.68541908755616,111.31458091244384,237.0,204.0,180.0,166.0,117.0,42.0,29.0,1194.0,997663.0
2021-03-15,171.60827060071733,177.39172939928267,400.0,299.0,256.0,295.0,166.0,71.0,36.0,1872.0,999535.0
2021-03-16,139.64684484413675,144.35315515586325,338.0,274.0,238.0,237.0,167.0,51.0,21.0,1610.0,1001145.0
2021-03-17,146.03912999545287,150.96087000454713,344.0,286.0,239.0,243.0,175.0,72.0,33.0,1689.0,1002834.0
2021-03-18,126.37056029909559,130.6294397009044,293.0,274.0,226.0,274.0,152.0,58.0,16.0,1550.0,1004384.0
2021-03-19,132.27113120800277,136.72886879199723,293.0,232.0,225.0,220.0,143.0,49.0,27.0,1458.0,1005842.0
2021-03-20,105.71856211792043,109.28143788207959,249.0,254.0,182.0,220.0,126.0,47.0,14.0,1307.0,1007149.0
2021-03-21,119.48656090537051,123.51343909462949,274.0,226.0,203.0,181.0,117.0,30.0,17.0,1291.0,1008440.0
2021-03-22,181.9342696913049,188.0657303086951,409.0,331.0,317.0,317.0,191.0,71.0,20.0,2026.0,1010466.0
2021-03-23,167.18284241903697,172.81715758096303,478.0,332.0,296.0,285.0,152.0,74.0,33.0,1990.0,1012456.0
2021-03-24,176.52541302480668,182.47458697519332,458.0,378.0,310.0,294.0,174.0,55.0,17.0,2045.0,1014501.0
2021-03-25,150.46455817713326,155.53544182286674,433.0,358.0,269.0,283.0,163.0,65.0,30.0,1907.0,1016408.0
2021-03-26,140.13855908654568,144.86144091345432,395.0,345.0,273.0,231.0,154.0,48.0,28.0,1759.0,1018167.0
2021-03-27,132.27113120800277,136.72886879199723,350.0,258.0,221.0,211.0,133.0,40.0,18.0,1500.0,1019667.0
2021-03-28,129.32084575354918,133.67915424645082,352.0,270.0,265.0,228.0,139.0,44.0,12.0,1573.0,1021240.0
2021-03-29,186.3596978729853,192.6403021270147,469.0,399.0,343.0,307.0,167.0,55.0,27.0,2146.0,1023386.0
2021-03-30,174.066841812762,179.933158187238,480.0,365.0,326.0,330.0,153.0,55.0,37.0,2100.0,1025486.0
2021-03-31,188.32655484262105,194.67344515737895,447.0,366.0,302.0,270.0,157.0,59.0,32.0,2016.0,1027502.0
2021-04-01,172.59169908553523,178.40830091446477,429.0,367.0,314.0,289.0,175.0,59.0,43.0,2027.0,1029529.0
2021-04-02,156.36512908604044,161.63487091395956,392.0,344.0,266.0,278.0,164.0,75.0,34.0,1871.0,1031400.0
2021-04-03,149.4811296923154,154.5188703076846,332.0,271.0,243.0,195.0,132.0,43.0,12.0,1532.0,1032932.0
2021-04-04,119.48656090537052,123.51343909462948,308.0,247.0,224.0,204.0,101.0,44.0,22.0,1393.0,1034325.0
2021-04-05,230.12226544738027,237.87773455261973,613.0,487.0,397.0,332.0,178.0,90.0,41.0,2606.0,1036931.0
2021-04-06,228.64712272015348,236.35287727984652,508.0,428.0,322.0,316.0,173.0,78.0,40.0,2330.0,1039261.0
2021-04-07,207.0116960541605,213.9883039458395,536.0,402.0,338.0,326.0,181.0,62.0,42.0,2308.0,1041569.0
2021-04-08,202.58626787248005,209.41373212751995,463.0,413.0,327.0,275.0,186.0,61.0,46.0,2183.0,1043752.0
2021-04-09,215.3708381751123,222.6291618248877,416.0,403.0,292.0,280.0,166.0,78.0,33.0,2106.0,1045858.0
2021-04-10,173.57512757035306,179.42487242964694,326.0,307.0,236.0,220.0,139.0,45.0,27.0,1653.0,1047511.0
2021-04-11,136.20484514727423,140.79515485272577,315.0,278.0,222.0,205.0,132.0,41.0,20.0,1490.0,1049001.0
2021-04-12,237.98969332592318,246.01030667407682,487.0,427.0,327.0,330.0,202.0,88.0,35.0,2380.0,1051381.0
2021-04-13,200.61941090284435,207.38058909715565,411.0,339.0,305.0,281.0,144.0,74.0,40.0,2002.0,1053383.0
2021-04-14,182.4259839337139,188.57401606628613,389.0,349.0,290.0,234.0,165.0,72.0,36.0,1906.0,1055289.0
2021-04-15,165.70769969181015,171.29230030818985,366.0,291.0,238.0,231.0,137.0,61.0,31.0,1692.0,1056981.0
2021-04-16,177.50884150962455,183.49115849037545,323.0,326.0,221.0,170.0,135.0,60.0,37.0,1633.0,1058614.0
2021-04-17,143.5805587834082,148.4194412165918,215.0,212.0,198.0,163.0,100.0,52.0,27.0,1259.0,1059873.0
2021-04-18,125.38713181427771,129.61286818572228,249.0,233.0,190.0,152.0,85.0,47.0,28.0,1239.0,1061112.0
2021-04-19,210.453695751023,217.546304248977,362.0,333.0,278.0,238.0,155.0,73.0,41.0,1908.0,1063020.0
2021-04-20,187.3431263578032,193.6568736421968,318.0,299.0,246.0,216.0,150.0,52.0,28.0,1690.0,1064710.0
2021-04-21,176.03369878239775,181.96630121760225,304.0,303.0,235.0,210.0,131.0,54.0,28.0,1623.0,1066333.0
2021-04-22,168.1662709038548,173.8337290961452,287.0,274.0,197.0,171.0,96.0,68.0,40.0,1475.0,1067808.0
2021-04-23,178.49226999444238,184.50773000555762,261.0,273.0,211.0,195.0,104.0,50.0,26.0,1483.0,1069291.0
2021-04-24,132.7628454504117,137.2371545495883,236.0,247.0,184.0,161.0,101.0,45.0,22.0,1266.0,1070557.0
2021-04-25,131.77941696559384,136.22058303440616,238.0,207.0,170.0,136.0,85.0,42.0,16.0,1162.0,1071719.0
2021-04-26,207.5034102965694,214.4965897034306,361.0,321.0,264.0,198.0,145.0,63.0,23.0,1797.0,1073516.0
2021-04-27,212.42055272065872,219.57944727934128,291.0,271.0,236.0,203.0,99.0,55.0,38.0,1625.0,1075141.0
2021-04-28,173.5751275703531,179.4248724296469,275.0,283.0,205.0,174.0,131.0,42.0,23.0,1486.0,1076627.0
2021-04-29,158.33198605567617,163.66801394432383,264.0,242.0,207.0,152.0,112.0,49.0,23.0,1371.0,1077998.0
2021-04-30,154.3982721164047,159.60172788359532,241.0,263.0,176.0,160.0,104.0,51.0,29.0,1338.0,1079336.0
2021-05-01,114.5694184812812,118.4305815187188,224.0,210.0,162.0,117.0,94.0,44.0,17.0,1101.0,1080437.0
2021-05-02,100.30970545142218,103.69029454857782,200.0,188.0,161.0,147.0,87.0,38.0,20.0,1045.0,1081482.0
2021-05-03,184.3928409033496,190.6071590966504,304.0,256.0,227.0,190.0,109.0,48.0,26.0,1535.0,1083017.0
2021-05-04,164.72427120699228,170.27572879300772,269.0,258.0,181.0,172.0,101.0,54.0,30.0,1400.0,1084417.0
2021-05-05,144.07227302581717,148.92772697418283,258.0,222.0,180.0,175.0,90.0,41.0,31.0,1290.0,1085707.0
2021-05-06,126.86227454150452,131.13772545849548,254.0,214.0,178.0,149.0,73.0,39.0,20.0,1185.0,1086892.0
2021-05-07,109.16056181478295,112.83943818521705,212.0,166.0,155.0,124.0,90.0,33.0,20.0,1022.0,1087914.0
2021-05-08,96.37599151215072,99.62400848784928,162.0,159.0,120.0,126.0,70.0,22.0,19.0,874.0,1088788.0
2021-05-09,93.42570605769713,96.57429394230287,156.0,123.0,114.0,99.0,66.0,28.0,11.0,787.0,1089575.0
2021-05-10,140.63027332895462,145.36972667104538,257.0,195.0,173.0,157.0,98.0,48.0,23.0,1237.0,1090812.0
2021-05-11,124.40370332945986,128.59629667054014,215.0,171.0,133.0,120.0,78.0,36.0,23.0,1029.0,1091841.0
2021-05-12,106.70199060273829,110.29800939726171,198.0,175.0,167.0,121.0,71.0,27.0,27.0,1003.0,1092844.0
2021-05-13,105.2268478755115,108.7731521244885,181.0,168.0,110.0,112.0,87.0,40.0,18.0,930.0,1093774.0
2021-05-14,89.98370636083459,93.01629363916541,175.0,185.0,124.0,123.0,97.0,42.0,28.0,957.0,1094731.0
2021-05-15,85.5582781791542,88.4417218208458,140.0,122.0,96.0,95.0,67.0,26.0,7.0,727.0,1095458.0
2021-05-16,77.19913605820236,79.80086394179764,162.0,118.0,113.0,100.0,71.0,27.0,22.0,770.0,1096228.0
2021-05-17,105.2268478755115,108.7731521244885,247.0,181.0,172.0,129.0,73.0,43.0,31.0,1090.0,1097318.0
2021-05-18,104.24341939069363,107.75658060930637,176.0,174.0,135.0,113.0,76.0,42.0,20.0,948.0,1098266.0
2021-05-19,95.88427726974177,99.11572273025823,172.0,147.0,143.0,117.0,68.0,38.0,20.0,900.0,1099166.0
2021-05-20,78.18256454302022,80.81743545697978,164.0,144.0,105.0,118.0,79.0,36.0,26.0,831.0,1099997.0
2021-05-21,76.21570757338449,78.78429242661551,143.0,129.0,115.0,113.0,69.0,40.0,33.0,797.0,1100794.0
2021-05-22,46.71285302884856,48.28714697115144,104.0,76.0,105.0,84.0,60.0,21.0,16.0,561.0,1101355.0
2021-05-23,53.59685242257361,55.40314757742639,92.0,90.0,76.0,74.0,43.0,31.0,14.0,529.0,1101884.0
2021-05-24,61.95599454352546,64.04400545647454,154.0,136.0,111.0,124.0,72.0,41.0,29.0,793.0,1102677.0
2021-05-25,59.98913757388973,62.01086242611027,134.0,119.0,83.0,77.0,58.0,29.0,12.0,634.0,1103311.0
2021-05-26,54.580280907391476,56.419719092608524,111.0,90.0,86.0,84.0,56.0,19.0,18.0,575.0,1103886.0
2021-05-27,38.35371090789672,39.64628909210328,95.0,70.0,78.0,83.0,41.0,25.0,19.0,489.0,1104375.0
2021-05-28,44.2542818168039,45.7457181831961,87.0,95.0,78.0,63.0,62.0,27.0,16.0,518.0,1104893.0
2021-05-29,26.060854847673408,26.939145152326592,61.0,56.0,55.0,47.0,42.0,20.0,13.0,347.0,1105240.0
2021-05-30,23.110569393219812,23.889430606780188,60.0,49.0,44.0,35.0,28.0,21.0,8.0,292.0,1105532.0
2021-05-31,23.602283635628748,24.397716364371252,58.0,50.0,48.0,30.0,31.0,18.0,15.0,298.0,1105830.0
2021-06-01,43.270853331986046,44.729146668013954,101.0,83.0,68.0,73.0,48.0,37.0,24.0,522.0,1106352.0
2021-06-02,38.35371090789672,39.64628909210328,69.0,69.0,71.0,49.0,44.0,18.0,16.0,414.0,1106766.0
2021-06-03,29.011140302127004,29.988859697872996,68.0,52.0,40.0,41.0,25.0,21.0,12.0,318.0,1107084.0
2021-06-04,23.11056939321982,23.88943060678018,59.0,49.0,43.0,41.0,41.0,16.0,11.0,307.0,1107391.0
2021-06-05,22.127140908401948,22.872859091598052,49.0,58.0,39.0,32.0,23.0,7.0,1.0,254.0,1107645.0
2021-06-06,24.093997878037683,24.906002121962317,66.0,54.0,33.0,29.0,22.0,15.0,13.0,281.0,1107926.0
2021-06-07,29.502854544535936,30.497145455464064,57.0,70.0,54.0,58.0,30.0,17.0,10.0,356.0,1108282.0
2021-06-08,26.060854847673408,26.939145152326592,44.0,50.0,52.0,43.0,32.0,17.0,7.0,298.0,1108580.0
2021-06-09,24.585712120446612,25.414287879553388,53.0,56.0,36.0,40.0,20.0,12.0,9.0,276.0,1108856.0
2021-06-10,22.618855150810887,23.381144849189113,36.0,43.0,30.0,44.0,14.0,15.0,2.0,230.0,1109086.0
2021-06-11,22.618855150810884,23.381144849189116,47.0,46.0,36.0,37.0,33.0,9.0,6.0,260.0,1109346.0
2021-06-12,19.176855453948356,19.823144546051644,32.0,42.0,18.0,38.0,18.0,6.0,7.0,200.0,1109546.0
2021-06-13,16.7182842419037,17.2817157580963,36.0,37.0,17.0,24.0,18.0,6.0,10.0,182.0,1109728.0
2021-06-14,21.143712423584088,21.856287576415912,49.0,53.0,31.0,44.0,36.0,16.0,6.0,278.0,1110006.0
2021-06-15,19.176855453948363,19.823144546051637,43.0,39.0,24.0,43.0,26.0,18.0,6.0,238.0,1110244.0
2021-06-16,20.16028393876622,20.83971606123378,38.0,47.0,37.0,20.0,24.0,9.0,11.0,227.0,1110471.0
2021-06-17,17.20999848431263,17.79000151568737,35.0,28.0,38.0,28.0,31.0,9.0,2.0,206.0,1110677.0
2021-06-18,22.618855150810884,23.381144849189116,38.0,48.0,29.0,24.0,15.0,12.0,5.0,217.0,1110894.0
2021-06-19,19.17685545394836,19.82314454605164,23.0,27.0,25.0,23.0,18.0,14.0,3.0,172.0,1111066.0
2021-06-20,10.817713332996508,11.182286667003492,35.0,21.0,28.0,25.0,19.0,10.0,4.0,164.0,1111230.0
2021-06-21,16.7182842419037,17.2817157580963,40.0,60.0,32.0,22.0,30.0,9.0,10.0,237.0,1111467.0
2021-06-22,21.63542666599302,22.36457333400698,36.0,46.0,24.0,34.0,24.0,9.0,2.0,219.0,1111686.0
2021-06-23,20.65199818117516,21.348001818824844,32.0,35.0,43.0,27.0,22.0,5.0,7.0,213.0,1111899.0
2021-06-24,17.209998484312628,17.790001515687372,40.0,33.0,31.0,18.0,19.0,10.0,12.0,198.0,1112097.0
2021-06-25,16.718284241903696,17.281715758096304,38.0,27.0,26.0,22.0,14.0,16.0,7.0,184.0,1112281.0
2021-06-26,15.734855757085832,16.265144242914168,33.0,32.0,22.0,26.0,22.0,9.0,5.0,181.0,1112462.0
2021-06-27,15.734855757085832,16.265144242914168,23.0,22.0,24.0,15.0,13.0,8.0,5.0,142.0,1112604.0
2021-06-28,17.70171272672156,18.29828727327844,43.0,35.0,29.0,33.0,21.0,5.0,5.0,207.0,1112811.0
2021-06-29,17.701712726721563,18.29828727327844,26.0,27.0,37.0,18.0,20.0,15.0,0.0,179.0,1112990.0
2021-06-30,19.668569696357288,20.331430303642712,43.0,33.0,46.0,22.0,19.0,17.0,7.0,227.0,1113217.0
2021-07-01,17.701712726721563,18.298287273278437,43.0,43.0,37.0,27.0,20.0,17.0,3.0,226.0,1113443.0
2021-07-02,22.618855150810884,23.381144849189116,31.0,24.0,31.0,33.0,24.0,16.0,4.0,209.0,1113652.0
2021-07-03,14.751427272267968,15.248572727732032,39.0,36.0,31.0,23.0,18.0,10.0,6.0,193.0,1113845.0
2021-07-04,25.077426362855547,25.922573637144453,40.0,36.0,35.0,20.0,13.0,11.0,3.0,209.0,1114054.0
2021-07-05,31.469711514171664,32.53028848582833,44.0,43.0,35.0,45.0,23.0,11.0,5.0,270.0,1114324.0
2021-07-06,31.961425756580592,33.038574243419404,63.0,56.0,48.0,38.0,29.0,15.0,11.0,325.0,1114649.0
2021-07-07,29.994568786944868,31.005431213055132,67.0,50.0,42.0,45.0,36.0,14.0,7.0,322.0,1114971.0
2021-07-08,31.961425756580603,33.0385742434194,60.0,58.0,44.0,33.0,29.0,17.0,5.0,311.0,1115282.0
2021-07-09,34.91171121103419,36.08828878896581,69.0,56.0,38.0,42.0,39.0,20.0,8.0,343.0,1115625.0
2021-07-10,27.535997574900207,28.464002425099793,49.0,46.0,61.0,37.0,27.0,13.0,5.0,294.0,1115919.0
2021-07-11,33.43656848380739,34.56343151619261,63.0,49.0,39.0,36.0,27.0,14.0,7.0,303.0,1116222.0
2021-07-12,41.303996362350304,42.696003637649696,97.0,89.0,76.0,55.0,45.0,24.0,15.0,485.0,1116707.0
2021-07-13,44.745996059212835,46.254003940787165,99.0,96.0,72.0,56.0,49.0,17.0,14.0,494.0,1117201.0
2021-07-14,51.13828121052895,52.86171878947105,127.0,95.0,67.0,60.0,56.0,26.0,5.0,540.0,1117741.0
2021-07-15,59.989137573889735,62.01086242611027,118.0,110.0,88.0,69.0,48.0,26.0,16.0,597.0,1118338.0
2021-07-16,46.22113878643963,47.77886121356037,112.0,104.0,81.0,76.0,48.0,14.0,13.0,542.0,1118880.0
2021-07-17,56.055423634618265,57.944576365381735,83.0,84.0,77.0,59.0,45.0,28.0,5.0,495.0,1119375.0
2021-07-18,47.204567271257496,48.795432728742504,110.0,107.0,81.0,64.0,48.0,26.0,3.0,535.0,1119910.0
2021-07-19,65.39799424038799,67.60200575961201,184.0,158.0,122.0,113.0,75.0,42.0,26.0,853.0,1120763.0
2021-07-20,90.47542060324353,93.52457939675647,178.0,149.0,132.0,87.0,78.0,63.0,31.0,902.0,1121665.0
2021-07-21,75.23227908856663,77.76772091143337,160.0,140.0,138.0,117.0,78.0,42.0,23.0,851.0,1122516.0
2021-07-22,74.7405648461577,77.2594351538423,171.0,128.0,137.0,115.0,75.0,52.0,17.0,847.0,1123363.0
2021-07-23,98.34284848178645,101.65715151821355,173.0,155.0,118.0,129.0,105.0,47.0,27.0,954.0,1124317.0
2021-07-24,70.80685090688624,73.19314909311376,159.0,153.0,106.0,97.0,85.0,47.0,19.0,810.0,1125127.0
2021-07-25,89.9837063608346,93.0162936391654,176.0,149.0,130.0,114.0,84.0,51.0,24.0,911.0,1126038.0
2021-07-26,135.71313090486532,140.2868690951347,273.0,229.0,192.0,139.0,111.0,72.0,33.0,1325.0,1127363.0
2021-07-27,114.07770423887227,117.92229576112773,287.0,228.0,173.0,153.0,104.0,52.0,26.0,1255.0,1128618.0
2021-07-28,136.69655938968316,141.30344061031684,321.0,229.0,207.0,178.0,113.0,69.0,30.0,1425.0,1130043.0
2021-07-29,131.77941696559384,136.22058303440616,271.0,235.0,183.0,146.0,100.0,59.0,40.0,1302.0,1131345.0
2021-07-30,123.91198908705093,128.0880109129491,270.0,248.0,216.0,173.0,157.0,72.0,33.0,1421.0,1132766.0
2021-07-31,130.79598848077597,135.20401151922403,235.0,218.0,203.0,171.0,111.0,80.0,25.0,1309.0,1134075.0
2021-08-01,127.84570302632238,132.15429697367762,257.0,245.0,191.0,173.0,126.0,67.0,44.0,1363.0,1135438.0
2021-08-02,176.52541302480668,182.47458697519332,402.0,376.0,315.0,261.0,176.0,106.0,63.0,2058.0,1137496.0
2021-08-03,170.6248421158995,176.3751578841005,349.0,324.0,266.0,273.0,173.0,84.0,55.0,1871.0,1139367.0
2021-08-04,188.81826908502998,195.18173091497002,426.0,364.0,326.0,255.0,200.0,129.0,55.0,2139.0,1141506.0
2021-08-05,202.58626787248008,209.41373212751992,420.0,367.0,306.0,267.0,190.0,114.0,55.0,2131.0,1143637.0
2021-08-06,208.97855302379622,216.02144697620378,462.0,395.0,328.0,279.0,211.0,92.0,60.0,2252.0,1145889.0
2021-08-07,178.98398423685134,185.01601576314866,328.0,294.0,258.0,241.0,166.0,107.0,45.0,1803.0,1147692.0
2021-08-08,182.42598393371387,188.57401606628613,363.0,336.0,279.0,266.0,184.0,91.0,39.0,1929.0,1149621.0
2021-08-09,251.26597787096438,259.7340221290356,582.0,531.0,451.0,401.0,288.0,169.0,105.0,3038.0,1152659.0
2021-08-10,251.26597787096435,259.7340221290356,545.0,503.0,426.0,365.0,299.0,166.0,84.0,2899.0,1155558.0
2021-08-11,267.49254787045913,276.50745212954087,587.0,518.0,378.0,395.0,292.0,157.0,76.0,2947.0,1158505.0
2021-08-12,263.06711968877875,271.93288031122125,539.0,507.0,428.0,346.0,270.0,155.0,91.0,2871.0,1161376.0
2021-08-13,280.27711817309137,289.72288182690863,501.0,496.0,435.0,390.0,278.0,164.0,79.0,2913.0,1164289.0
2021-08-14,210.45369575102296,217.54630424897704,379.0,375.0,306.0,296.0,224.0,119.0,46.0,2173.0,1166462.0
2021-08-15,230.6139796897892,238.3860203102108,431.0,437.0,359.0,360.0,222.0,118.0,59.0,2455.0,1168917.0
2021-08-16,355.01768301924903,366.98231698075097,700.0,681.0,576.0,478.0,377.0,197.0,116.0,3847.0,1172764.0
2021-08-17,333.382256353256,344.617743646744,664.0,643.0,497.0,428.0,330.0,181.0,113.0,3534.0,1176298.0
2021-08-18,368.78568180669913,381.21431819330087,701.0,584.0,466.0,438.0,353.0,202.0,91.0,3585.0,1179883.0
2021-08-19,368.78568180669913,381.21431819330087,674.0,599.0,496.0,473.0,356.0,189.0,96.0,3633.0,1183516.0
2021-08-20,427.79139089577103,442.20860910422897,636.0,566.0,486.0,415.0,348.0,235.0,102.0,3658.0,1187174.0
2021-08-21,368.78568180669913,381.21431819330087,506.0,493.0,389.0,337.0,261.0,136.0,65.0,2937.0,1190111.0
2021-08-22,372.2276815035616,384.7723184964384,543.0,506.0,419.0,344.0,277.0,143.0,66.0,3055.0,1193166.0
2021-08-23,672.1733693730123,694.8266306269875,980.0,801.0,642.0,569.0,420.0,251.0,131.0,5161.0,1198327.0
2021-08-24,685.4496539180536,708.5503460819464,949.0,775.0,581.0,522.0,372.0,198.0,114.0,4905.0,1203232.0
2021-08-25,759.6985045218023,785.3014954781974,860.0,727.0,584.0,530.0,378.0,198.0,105.0,4927.0,1208159.0
2021-08-26,701.1845096751393,724.8154903248605,851.0,776.0,597.0,565.0,407.0,214.0,123.0,4959.0,1213118.0
2021-08-27,750.3559339160323,775.6440660839676,790.0,741.0,626.0,516.0,395.0,214.0,127.0,4935.0,1218053.0
2021-08-28,549.2448087707776,567.7551912292221,555.0,532.0,455.0,356.0,284.0,126.0,85.0,3509.9999999999995,1221563.0
2021-08-29,572.8470924064068,592.1529075935931,559.0,545.0,457.0,373.0,257.0,126.0,77.0,3559.0,1225122.0
2021-08-30,1082.263047542063,1118.7369524579365,1027.0,992.0,746.0,677.0,467.0,277.0,127.0,6514.0,1231636.0
2021-08-31,1057.6773354216164,1093.3226645783834,1060.0,1001.0,736.0,622.0,472.0,238.0,119.0,6399.0,1238035.0
2021-09-01,1016.865053301675,1051.1349466983247,1013.0,946.0,766.0,605.0,466.0,252.0,137.0,6253.0,1244288.0
2021-09-02,913.1133481533901,943.8866518466099,992.0,955.0,755.0,629.0,464.0,251.0,150.0,6053.0,1250341.0
2021-09-03,840.8313545192768,869.1686454807232,861.0,840.0,703.0,574.0,459.0,253.0,145.0,5545.0,1255886.0
2021-09-04,514.3330975597432,531.6669024402568,540.0,579.0,488.0,388.0,293.0,193.0,101.0,3628.0,1259514.0
2021-09-05,434.1836760470871,448.8163239529129,497.0,567.0,417.0,351.0,273.0,138.0,90.0,3216.0,1262730.0
2021-09-06,352.0673975647955,363.9326024352045,360.0,455.0,362.0,294.0,233.0,126.0,80.0,2626.0,1265356.0
2021-09-07,493.189385136159,509.810614863841,453.0,506.0,437.0,506.0,262.0,146.0,82.0,3395.0,1268751.0
2021-09-08,9.342570605769716,9.657429394230284,14.0,17.0,8.0,14.0,8.0,6.0,4.0,90.0,1268841.0
